"Part";"Value";"Device";"Package";"Description";"MF";"MPN";"OC_FARNELL";"OC_NEWARK";"POPULARITY";"SPICEPREFIX";
"C1";"135pF";"C-EUC1206";"C1206";"CAPACITOR, European symbol";"";"";"";"";"54";"C";
"C2";"135pF";"C-EUC1206";"C1206";"CAPACITOR, European symbol";"";"";"";"";"54";"C";
"F1";"0.5A";"SHK20L";"SHK20L";"FUSE HOLDER 5 x 20 mm, SH contact, SHH1 Schukat, E1073 Buerklin";"";"";"unknown";"unknown";"3";"";
"IC1";"MCP23017SO";"MCP23017SO";"SO28W";"http://ww1.microchip.com/downloads/en/DeviceDoc/21952a.pdf";"MICROCHIP";"MCP23017-E/SO";"1332087";"31K2958";"1";"";
"IC2";"MCP23017SO";"MCP23017SO";"SO28W";"http://ww1.microchip.com/downloads/en/DeviceDoc/21952a.pdf";"MICROCHIP";"MCP23017-E/SO";"1332087";"31K2958";"1";"";
"IC3";"MCP23017SO";"MCP23017SO";"SO28W";"http://ww1.microchip.com/downloads/en/DeviceDoc/21952a.pdf";"MICROCHIP";"MCP23017-E/SO";"1332087";"31K2958";"1";"";
"IC4";"MCP23017SO";"MCP23017SO";"SO28W";"http://ww1.microchip.com/downloads/en/DeviceDoc/21952a.pdf";"MICROCHIP";"MCP23017-E/SO";"1332087";"31K2958";"1";"";
"JP1";"";"PINHD-2X4";"2X04";"PIN HEADER";"";"";"";"";"47";"";
"LED1";"";"LEDSMT1206";"1206";"LED";"";"";"";"";"20";"";
"LED2";"";"LEDSMT1206";"1206";"LED";"";"";"";"";"20";"";
"LED3";"";"LEDSMT1206";"1206";"LED";"";"";"";"";"20";"";
"LED4";"";"LEDSMT1206";"1206";"LED";"";"";"";"";"20";"";
"LED5";"";"LEDSMT1206";"1206";"LED";"";"";"";"";"20";"";
"LED6";"";"LEDSMT1206";"1206";"LED";"";"";"";"";"20";"";
"LED7";"";"LEDSMT1206";"1206";"LED";"";"";"";"";"20";"";
"LED8";"";"LEDSMT1206";"1206";"LED";"";"";"";"";"20";"";
"LED9";"";"LEDSMT1206";"1206";"LED";"";"";"";"";"20";"";
"LED10";"";"LEDSMT1206";"1206";"LED";"";"";"";"";"20";"";
"LED11";"";"LEDSMT1206";"1206";"LED";"";"";"";"";"20";"";
"LED12";"";"LEDSMT1206";"1206";"LED";"";"";"";"";"20";"";
"LED13";"";"LEDSMT1206";"1206";"LED";"";"";"";"";"20";"";
"LED14";"";"LEDSMT1206";"1206";"LED";"";"";"";"";"20";"";
"LED15";"";"LEDSMT1206";"1206";"LED";"";"";"";"";"20";"";
"LED16";"";"LEDSMT1206";"1206";"LED";"";"";"";"";"20";"";
"LED17";"";"LEDSMT1206";"1206";"LED";"";"";"";"";"20";"";
"LED18";"";"LEDSMT1206";"1206";"LED";"";"";"";"";"20";"";
"LED19";"";"LEDSMT1206";"1206";"LED";"";"";"";"";"20";"";
"LED20";"";"LEDSMT1206";"1206";"LED";"";"";"";"";"20";"";
"LED21";"";"LEDSMT1206";"1206";"LED";"";"";"";"";"20";"";
"LED22";"";"LEDSMT1206";"1206";"LED";"";"";"";"";"20";"";
"LED23";"";"LEDSMT1206";"1206";"LED";"";"";"";"";"20";"";
"LED24";"";"LEDSMT1206";"1206";"LED";"";"";"";"";"20";"";
"LED25";"";"LEDSMT1206";"1206";"LED";"";"";"";"";"20";"";
"LED26";"";"LEDSMT1206";"1206";"LED";"";"";"";"";"20";"";
"LED27";"";"LEDSMT1206";"1206";"LED";"";"";"";"";"20";"";
"LED28";"";"LEDSMT1206";"1206";"LED";"";"";"";"";"20";"";
"LED29";"";"LEDSMT1206";"1206";"LED";"";"";"";"";"20";"";
"LED30";"";"LEDSMT1206";"1206";"LED";"";"";"";"";"20";"";
"LED31";"";"LEDSMT1206";"1206";"LED";"";"";"";"";"20";"";
"LED32";"";"LEDSMT1206";"1206";"LED";"";"";"";"";"20";"";
"LED33";"";"LEDSMT1206";"1206";"LED";"";"";"";"";"20";"";
"LED34";"";"LEDSMT1206";"1206";"LED";"";"";"";"";"20";"";
"LED35";"";"LEDSMT1206";"1206";"LED";"";"";"";"";"20";"";
"LED36";"";"LEDSMT1206";"1206";"LED";"";"";"";"";"20";"";
"LED37";"";"LEDSMT1206";"1206";"LED";"";"";"";"";"20";"";
"LED38";"";"LEDSMT1206";"1206";"LED";"";"";"";"";"20";"";
"LED39";"";"LEDSMT1206";"1206";"LED";"";"";"";"";"20";"";
"LED40";"";"LEDSMT1206";"1206";"LED";"";"";"";"";"20";"";
"LED41";"";"LEDSMT1206";"1206";"LED";"";"";"";"";"20";"";
"LED42";"";"LEDSMT1206";"1206";"LED";"";"";"";"";"20";"";
"LED43";"";"LEDSMT1206";"1206";"LED";"";"";"";"";"20";"";
"LED44";"";"LEDSMT1206";"1206";"LED";"";"";"";"";"20";"";
"LED45";"";"LEDSMT1206";"1206";"LED";"";"";"";"";"20";"";
"LED46";"";"LEDSMT1206";"1206";"LED";"";"";"";"";"20";"";
"LED47";"";"LEDSMT1206";"1206";"LED";"";"";"";"";"20";"";
"LED48";"";"LEDSMT1206";"1206";"LED";"";"";"";"";"20";"";
"LED49";"";"LEDSMT1206";"1206";"LED";"";"";"";"";"20";"";
"LED50";"";"LEDSMT1206";"1206";"LED";"";"";"";"";"20";"";
"LED51";"";"LEDSMT1206";"1206";"LED";"";"";"";"";"20";"";
"LED52";"";"LEDSMT1206";"1206";"LED";"";"";"";"";"20";"";
"LED53";"";"LEDSMT1206";"1206";"LED";"";"";"";"";"20";"";
"LED54";"";"LEDSMT1206";"1206";"LED";"";"";"";"";"20";"";
"LED55";"";"LEDSMT1206";"1206";"LED";"";"";"";"";"20";"";
"LED56";"";"LEDSMT1206";"1206";"LED";"";"";"";"";"20";"";
"LED57";"";"LEDSMT1206";"1206";"LED";"";"";"";"";"20";"";
"LED58";"";"LEDSMT1206";"1206";"LED";"";"";"";"";"20";"";
"LED59";"";"LEDSMT1206";"1206";"LED";"";"";"";"";"20";"";
"LED60";"";"LEDSMT1206";"1206";"LED";"";"";"";"";"20";"";
"LED61";"";"LEDSMT1206";"1206";"LED";"";"";"";"";"20";"";
"LED62";"";"LEDSMT1206";"1206";"LED";"";"";"";"";"20";"";
"LED63";"";"LEDSMT1206";"1206";"LED";"";"";"";"";"20";"";
"LED64";"";"LEDSMT1206";"1206";"LED";"";"";"";"";"20";"";
"OK1";"TLP281-4";"TLP281-4";"MINI-FLAT-16";"TOSHIBA PHOTOCOUPLER GaAs IRED & PHOTO-TRANSISTOR";"";"";"";"";"";"";
"OK2";"TLP281-4";"TLP281-4";"MINI-FLAT-16";"TOSHIBA PHOTOCOUPLER GaAs IRED & PHOTO-TRANSISTOR";"";"";"";"";"";"";
"OK3";"TLP281-4";"TLP281-4";"MINI-FLAT-16";"TOSHIBA PHOTOCOUPLER GaAs IRED & PHOTO-TRANSISTOR";"";"";"";"";"";"";
"OK4";"TLP281-4";"TLP281-4";"MINI-FLAT-16";"TOSHIBA PHOTOCOUPLER GaAs IRED & PHOTO-TRANSISTOR";"";"";"";"";"";"";
"OK5";"TLP281-4";"TLP281-4";"MINI-FLAT-16";"TOSHIBA PHOTOCOUPLER GaAs IRED & PHOTO-TRANSISTOR";"";"";"";"";"";"";
"OK6";"TLP281-4";"TLP281-4";"MINI-FLAT-16";"TOSHIBA PHOTOCOUPLER GaAs IRED & PHOTO-TRANSISTOR";"";"";"";"";"";"";
"OK7";"TLP281-4";"TLP281-4";"MINI-FLAT-16";"TOSHIBA PHOTOCOUPLER GaAs IRED & PHOTO-TRANSISTOR";"";"";"";"";"";"";
"OK8";"TLP281-4";"TLP281-4";"MINI-FLAT-16";"TOSHIBA PHOTOCOUPLER GaAs IRED & PHOTO-TRANSISTOR";"";"";"";"";"";"";
"OK9";"TLP281-4";"TLP281-4";"MINI-FLAT-16";"TOSHIBA PHOTOCOUPLER GaAs IRED & PHOTO-TRANSISTOR";"";"";"";"";"";"";
"OK10";"TLP281-4";"TLP281-4";"MINI-FLAT-16";"TOSHIBA PHOTOCOUPLER GaAs IRED & PHOTO-TRANSISTOR";"";"";"";"";"";"";
"OK11";"TLP281-4";"TLP281-4";"MINI-FLAT-16";"TOSHIBA PHOTOCOUPLER GaAs IRED & PHOTO-TRANSISTOR";"";"";"";"";"";"";
"OK12";"TLP281-4";"TLP281-4";"MINI-FLAT-16";"TOSHIBA PHOTOCOUPLER GaAs IRED & PHOTO-TRANSISTOR";"";"";"";"";"";"";
"OK13";"TLP281-4";"TLP281-4";"MINI-FLAT-16";"TOSHIBA PHOTOCOUPLER GaAs IRED & PHOTO-TRANSISTOR";"";"";"";"";"";"";
"OK14";"TLP281-4";"TLP281-4";"MINI-FLAT-16";"TOSHIBA PHOTOCOUPLER GaAs IRED & PHOTO-TRANSISTOR";"";"";"";"";"";"";
"OK15";"TLP281-4";"TLP281-4";"MINI-FLAT-16";"TOSHIBA PHOTOCOUPLER GaAs IRED & PHOTO-TRANSISTOR";"";"";"";"";"";"";
"OK16";"TLP281-4";"TLP281-4";"MINI-FLAT-16";"TOSHIBA PHOTOCOUPLER GaAs IRED & PHOTO-TRANSISTOR";"";"";"";"";"";"";
"R2";"1.5K";"R-EU_R1206W";"R1206W";"RESISTOR, European symbol";"";"";"";"";"3";"R";
"R3";"1.5K";"R-EU_R1206W";"R1206W";"RESISTOR, European symbol";"";"";"";"";"3";"R";
"R5";"1.5K";"R-EU_R1206W";"R1206W";"RESISTOR, European symbol";"";"";"";"";"3";"R";
"R7";"1.5K";"R-EU_R1206W";"R1206W";"RESISTOR, European symbol";"";"";"";"";"3";"R";
"R9";"1.5K";"R-EU_R1206W";"R1206W";"RESISTOR, European symbol";"";"";"";"";"3";"R";
"R11";"1.5K";"R-EU_R1206W";"R1206W";"RESISTOR, European symbol";"";"";"";"";"3";"R";
"R13";"1.5K";"R-EU_R1206W";"R1206W";"RESISTOR, European symbol";"";"";"";"";"3";"R";
"R15";"1.5K";"R-EU_R1206W";"R1206W";"RESISTOR, European symbol";"";"";"";"";"3";"R";
"R17";"1.5K";"R-EU_R1206W";"R1206W";"RESISTOR, European symbol";"";"";"";"";"3";"R";
"R19";"1.5K";"R-EU_R1206W";"R1206W";"RESISTOR, European symbol";"";"";"";"";"3";"R";
"R21";"1.5K";"R-EU_R1206W";"R1206W";"RESISTOR, European symbol";"";"";"";"";"3";"R";
"R23";"1.5K";"R-EU_R1206W";"R1206W";"RESISTOR, European symbol";"";"";"";"";"3";"R";
"R25";"1.5K";"R-EU_R1206W";"R1206W";"RESISTOR, European symbol";"";"";"";"";"3";"R";
"R27";"1.5K";"R-EU_R1206W";"R1206W";"RESISTOR, European symbol";"";"";"";"";"3";"R";
"R29";"1.5K";"R-EU_R1206W";"R1206W";"RESISTOR, European symbol";"";"";"";"";"3";"R";
"R31";"1.5K";"R-EU_R1206W";"R1206W";"RESISTOR, European symbol";"";"";"";"";"3";"R";
"R33";"1.5K";"R-EU_R1206W";"R1206W";"RESISTOR, European symbol";"";"";"";"";"3";"R";
"R35";"1.5K";"R-EU_R1206W";"R1206W";"RESISTOR, European symbol";"";"";"";"";"3";"R";
"R37";"1.5K";"R-EU_R1206W";"R1206W";"RESISTOR, European symbol";"";"";"";"";"3";"R";
"R39";"1.5K";"R-EU_R1206W";"R1206W";"RESISTOR, European symbol";"";"";"";"";"3";"R";
"R41";"1.5K";"R-EU_R1206W";"R1206W";"RESISTOR, European symbol";"";"";"";"";"3";"R";
"R43";"1.5K";"R-EU_R1206W";"R1206W";"RESISTOR, European symbol";"";"";"";"";"3";"R";
"R45";"1.5K";"R-EU_R1206W";"R1206W";"RESISTOR, European symbol";"";"";"";"";"3";"R";
"R47";"1.5K";"R-EU_R1206W";"R1206W";"RESISTOR, European symbol";"";"";"";"";"3";"R";
"R49";"1.5K";"R-EU_R1206W";"R1206W";"RESISTOR, European symbol";"";"";"";"";"3";"R";
"R51";"1.5K";"R-EU_R1206W";"R1206W";"RESISTOR, European symbol";"";"";"";"";"3";"R";
"R53";"1.5K";"R-EU_R1206W";"R1206W";"RESISTOR, European symbol";"";"";"";"";"3";"R";
"R55";"1.5K";"R-EU_R1206W";"R1206W";"RESISTOR, European symbol";"";"";"";"";"3";"R";
"R57";"1.5K";"R-EU_R1206W";"R1206W";"RESISTOR, European symbol";"";"";"";"";"3";"R";
"R59";"1.5K";"R-EU_R1206W";"R1206W";"RESISTOR, European symbol";"";"";"";"";"3";"R";
"R61";"1.5K";"R-EU_R1206W";"R1206W";"RESISTOR, European symbol";"";"";"";"";"3";"R";
"R63";"1.5K";"R-EU_R1206W";"R1206W";"RESISTOR, European symbol";"";"";"";"";"3";"R";
"R65";"1.5K";"R-EU_R1206W";"R1206W";"RESISTOR, European symbol";"";"";"";"";"3";"R";
"R67";"1.5K";"R-EU_R1206W";"R1206W";"RESISTOR, European symbol";"";"";"";"";"3";"R";
"R69";"1.5K";"R-EU_R1206W";"R1206W";"RESISTOR, European symbol";"";"";"";"";"3";"R";
"R71";"1.5K";"R-EU_R1206W";"R1206W";"RESISTOR, European symbol";"";"";"";"";"3";"R";
"R73";"1.5K";"R-EU_R1206W";"R1206W";"RESISTOR, European symbol";"";"";"";"";"3";"R";
"R75";"1.5K";"R-EU_R1206W";"R1206W";"RESISTOR, European symbol";"";"";"";"";"3";"R";
"R77";"1.5K";"R-EU_R1206W";"R1206W";"RESISTOR, European symbol";"";"";"";"";"3";"R";
"R79";"1.5K";"R-EU_R1206W";"R1206W";"RESISTOR, European symbol";"";"";"";"";"3";"R";
"R81";"1.5K";"R-EU_R1206W";"R1206W";"RESISTOR, European symbol";"";"";"";"";"3";"R";
"R83";"1.5K";"R-EU_R1206W";"R1206W";"RESISTOR, European symbol";"";"";"";"";"3";"R";
"R85";"1.5K";"R-EU_R1206W";"R1206W";"RESISTOR, European symbol";"";"";"";"";"3";"R";
"R87";"1.5K";"R-EU_R1206W";"R1206W";"RESISTOR, European symbol";"";"";"";"";"3";"R";
"R89";"1.5K";"R-EU_R1206W";"R1206W";"RESISTOR, European symbol";"";"";"";"";"3";"R";
"R91";"1.5K";"R-EU_R1206W";"R1206W";"RESISTOR, European symbol";"";"";"";"";"3";"R";
"R93";"1.5K";"R-EU_R1206W";"R1206W";"RESISTOR, European symbol";"";"";"";"";"3";"R";
"R95";"1.5K";"R-EU_R1206W";"R1206W";"RESISTOR, European symbol";"";"";"";"";"3";"R";
"R97";"1.5K";"R-EU_R1206W";"R1206W";"RESISTOR, European symbol";"";"";"";"";"3";"R";
"R99";"1.5K";"R-EU_R1206W";"R1206W";"RESISTOR, European symbol";"";"";"";"";"3";"R";
"R101";"1.5K";"R-EU_R1206W";"R1206W";"RESISTOR, European symbol";"";"";"";"";"3";"R";
"R103";"1.5K";"R-EU_R1206W";"R1206W";"RESISTOR, European symbol";"";"";"";"";"3";"R";
"R105";"1.5K";"R-EU_R1206W";"R1206W";"RESISTOR, European symbol";"";"";"";"";"3";"R";
"R107";"1.5K";"R-EU_R1206W";"R1206W";"RESISTOR, European symbol";"";"";"";"";"3";"R";
"R109";"1.5K";"R-EU_R1206W";"R1206W";"RESISTOR, European symbol";"";"";"";"";"3";"R";
"R111";"1.5K";"R-EU_R1206W";"R1206W";"RESISTOR, European symbol";"";"";"";"";"3";"R";
"R113";"1.5K";"R-EU_R1206W";"R1206W";"RESISTOR, European symbol";"";"";"";"";"3";"R";
"R115";"1.5K";"R-EU_R1206W";"R1206W";"RESISTOR, European symbol";"";"";"";"";"3";"R";
"R117";"1.5K";"R-EU_R1206W";"R1206W";"RESISTOR, European symbol";"";"";"";"";"3";"R";
"R119";"1.5K";"R-EU_R1206W";"R1206W";"RESISTOR, European symbol";"";"";"";"";"3";"R";
"R121";"1.5K";"R-EU_R1206W";"R1206W";"RESISTOR, European symbol";"";"";"";"";"3";"R";
"R123";"1.5K";"R-EU_R1206W";"R1206W";"RESISTOR, European symbol";"";"";"";"";"3";"R";
"R125";"1.5K";"R-EU_R1206W";"R1206W";"RESISTOR, European symbol";"";"";"";"";"3";"R";
"R127";"1.5K";"R-EU_R1206W";"R1206W";"RESISTOR, European symbol";"";"";"";"";"3";"R";
"R129";"1.5K";"R-EU_R1206W";"R1206W";"RESISTOR, European symbol";"";"";"";"";"3";"R";
"R130";"1.5K";"R-EU_R1206W";"R1206W";"RESISTOR, European symbol";"";"";"";"";"3";"R";
"R131";"10K";"R-EU_R1206W";"R1206W";"RESISTOR, European symbol";"";"";"";"";"3";"R";
"R132";"10K";"R-EU_R1206W";"R1206W";"RESISTOR, European symbol";"";"";"";"";"3";"R";
"R133";"10K";"R-EU_R1206W";"R1206W";"RESISTOR, European symbol";"";"";"";"";"3";"R";
"R134";"10K";"R-EU_R1206W";"R1206W";"RESISTOR, European symbol";"";"";"";"";"3";"R";
"R135";"10K";"R-EU_R1206W";"R1206W";"RESISTOR, European symbol";"";"";"";"";"3";"R";
"R136";"10K";"R-EU_R1206W";"R1206W";"RESISTOR, European symbol";"";"";"";"";"3";"R";
"R137";"10K";"R-EU_R1206W";"R1206W";"RESISTOR, European symbol";"";"";"";"";"3";"R";
"R138";"10K";"R-EU_R1206W";"R1206W";"RESISTOR, European symbol";"";"";"";"";"3";"R";
"R139";"10K";"R-EU_R1206W";"R1206W";"RESISTOR, European symbol";"";"";"";"";"3";"R";
"R140";"10K";"R-EU_R1206W";"R1206W";"RESISTOR, European symbol";"";"";"";"";"3";"R";
"R141";"10K";"R-EU_R1206W";"R1206W";"RESISTOR, European symbol";"";"";"";"";"3";"R";
"R142";"10K";"R-EU_R1206W";"R1206W";"RESISTOR, European symbol";"";"";"";"";"3";"R";
"R143";"10K";"R-EU_R1206W";"R1206W";"RESISTOR, European symbol";"";"";"";"";"3";"R";
"R144";"10K";"R-EU_R1206W";"R1206W";"RESISTOR, European symbol";"";"";"";"";"3";"R";
"R145";"10K";"R-EU_R1206W";"R1206W";"RESISTOR, European symbol";"";"";"";"";"3";"R";
"R146";"10K";"R-EU_R1206W";"R1206W";"RESISTOR, European symbol";"";"";"";"";"3";"R";
"R147";"10K";"R-EU_R1206W";"R1206W";"RESISTOR, European symbol";"";"";"";"";"3";"R";
"R148";"10K";"R-EU_R1206W";"R1206W";"RESISTOR, European symbol";"";"";"";"";"3";"R";
"R149";"10K";"R-EU_R1206W";"R1206W";"RESISTOR, European symbol";"";"";"";"";"3";"R";
"R150";"10K";"R-EU_R1206W";"R1206W";"RESISTOR, European symbol";"";"";"";"";"3";"R";
"R151";"10K";"R-EU_R1206W";"R1206W";"RESISTOR, European symbol";"";"";"";"";"3";"R";
"R152";"10K";"R-EU_R1206W";"R1206W";"RESISTOR, European symbol";"";"";"";"";"3";"R";
"R153";"10K";"R-EU_R1206W";"R1206W";"RESISTOR, European symbol";"";"";"";"";"3";"R";
"R154";"10K";"R-EU_R1206W";"R1206W";"RESISTOR, European symbol";"";"";"";"";"3";"R";
"R155";"10K";"R-EU_R1206W";"R1206W";"RESISTOR, European symbol";"";"";"";"";"3";"R";
"R156";"10K";"R-EU_R1206W";"R1206W";"RESISTOR, European symbol";"";"";"";"";"3";"R";
"R157";"10K";"R-EU_R1206W";"R1206W";"RESISTOR, European symbol";"";"";"";"";"3";"R";
"R158";"10K";"R-EU_R1206W";"R1206W";"RESISTOR, European symbol";"";"";"";"";"3";"R";
"R159";"10K";"R-EU_R1206W";"R1206W";"RESISTOR, European symbol";"";"";"";"";"3";"R";
"R160";"10K";"R-EU_R1206W";"R1206W";"RESISTOR, European symbol";"";"";"";"";"3";"R";
"R161";"10K";"R-EU_R1206W";"R1206W";"RESISTOR, European symbol";"";"";"";"";"3";"R";
"R162";"10K";"R-EU_R1206W";"R1206W";"RESISTOR, European symbol";"";"";"";"";"3";"R";
"R163";"10K";"R-EU_R1206W";"R1206W";"RESISTOR, European symbol";"";"";"";"";"3";"R";
"R164";"10K";"R-EU_R1206W";"R1206W";"RESISTOR, European symbol";"";"";"";"";"3";"R";
"R165";"10K";"R-EU_R1206W";"R1206W";"RESISTOR, European symbol";"";"";"";"";"3";"R";
"R166";"10K";"R-EU_R1206W";"R1206W";"RESISTOR, European symbol";"";"";"";"";"3";"R";
"R167";"10K";"R-EU_R1206W";"R1206W";"RESISTOR, European symbol";"";"";"";"";"3";"R";
"R168";"10K";"R-EU_R1206W";"R1206W";"RESISTOR, European symbol";"";"";"";"";"3";"R";
"R169";"10K";"R-EU_R1206W";"R1206W";"RESISTOR, European symbol";"";"";"";"";"3";"R";
"R170";"10K";"R-EU_R1206W";"R1206W";"RESISTOR, European symbol";"";"";"";"";"3";"R";
"R171";"10K";"R-EU_R1206W";"R1206W";"RESISTOR, European symbol";"";"";"";"";"3";"R";
"R172";"10K";"R-EU_R1206W";"R1206W";"RESISTOR, European symbol";"";"";"";"";"3";"R";
"R173";"10K";"R-EU_R1206W";"R1206W";"RESISTOR, European symbol";"";"";"";"";"3";"R";
"R174";"10K";"R-EU_R1206W";"R1206W";"RESISTOR, European symbol";"";"";"";"";"3";"R";
"R175";"10K";"R-EU_R1206W";"R1206W";"RESISTOR, European symbol";"";"";"";"";"3";"R";
"R176";"10K";"R-EU_R1206W";"R1206W";"RESISTOR, European symbol";"";"";"";"";"3";"R";
"R177";"10K";"R-EU_R1206W";"R1206W";"RESISTOR, European symbol";"";"";"";"";"3";"R";
"R178";"10K";"R-EU_R1206W";"R1206W";"RESISTOR, European symbol";"";"";"";"";"3";"R";
"R179";"10K";"R-EU_R1206W";"R1206W";"RESISTOR, European symbol";"";"";"";"";"3";"R";
"R180";"10K";"R-EU_R1206W";"R1206W";"RESISTOR, European symbol";"";"";"";"";"3";"R";
"R181";"10K";"R-EU_R1206W";"R1206W";"RESISTOR, European symbol";"";"";"";"";"3";"R";
"R182";"10K";"R-EU_R1206W";"R1206W";"RESISTOR, European symbol";"";"";"";"";"3";"R";
"R183";"10K";"R-EU_R1206W";"R1206W";"RESISTOR, European symbol";"";"";"";"";"3";"R";
"R184";"10K";"R-EU_R1206W";"R1206W";"RESISTOR, European symbol";"";"";"";"";"3";"R";
"R185";"10K";"R-EU_R1206W";"R1206W";"RESISTOR, European symbol";"";"";"";"";"3";"R";
"R186";"10K";"R-EU_R1206W";"R1206W";"RESISTOR, European symbol";"";"";"";"";"3";"R";
"R187";"10K";"R-EU_R1206W";"R1206W";"RESISTOR, European symbol";"";"";"";"";"3";"R";
"R188";"10K";"R-EU_R1206W";"R1206W";"RESISTOR, European symbol";"";"";"";"";"3";"R";
"R189";"10K";"R-EU_R1206W";"R1206W";"RESISTOR, European symbol";"";"";"";"";"3";"R";
"R190";"10K";"R-EU_R1206W";"R1206W";"RESISTOR, European symbol";"";"";"";"";"3";"R";
"R191";"10K";"R-EU_R1206W";"R1206W";"RESISTOR, European symbol";"";"";"";"";"3";"R";
"R192";"10K";"R-EU_R1206W";"R1206W";"RESISTOR, European symbol";"";"";"";"";"3";"R";
"R193";"10K";"R-EU_R1206W";"R1206W";"RESISTOR, European symbol";"";"";"";"";"3";"R";
"R194";"10K";"R-EU_R1206W";"R1206W";"RESISTOR, European symbol";"";"";"";"";"3";"R";
"R195";"10K";"R-EU_R1206W";"R1206W";"RESISTOR, European symbol";"";"";"";"";"3";"R";
"R196";"10K";"R-EU_R1206W";"R1206W";"RESISTOR, European symbol";"";"";"";"";"3";"R";
"R197";"10K";"R-EU_R1206W";"R1206W";"RESISTOR, European symbol";"";"";"";"";"3";"R";
"R198";"10K";"R-EU_R1206W";"R1206W";"RESISTOR, European symbol";"";"";"";"";"3";"R";
"U$1";"ESP32DEVKITV1";"ESP32DEVKITV1";"ESP32-DEVKITV1";"";"";"";"";"";"";"";
"U$2";"DC-DC-STEP-DOWN-MP1584";"DC-DC-STEP-DOWN-MP1584";"DC-DC-STEP-DOWN-MP1584";"DC/DC Step-Down Regulator based on MP1584 chip";"";"";"";"";"";"";
"X1";"TERMINAL-BLOCK-3.5MM-3-PIN-LONG-PAD";"TERMINAL-BLOCK-3.5MM-3-PIN-LONG-PAD";"TERMINAL-BLOCK-3-PIN-3.5MM-LONG-PAD";"Terminal Block 3.5mm";"";"";"";"";"";"";
"X2";"TERMINAL-BLOCK-3.5MM-3-PIN-LONG-PAD";"TERMINAL-BLOCK-3.5MM-3-PIN-LONG-PAD";"TERMINAL-BLOCK-3-PIN-3.5MM-LONG-PAD";"Terminal Block 3.5mm";"";"";"";"";"";"";
"X3";"TERMINAL-BLOCK-3.5MM-3-PIN-LONG-PAD";"TERMINAL-BLOCK-3.5MM-3-PIN-LONG-PAD";"TERMINAL-BLOCK-3-PIN-3.5MM-LONG-PAD";"Terminal Block 3.5mm";"";"";"";"";"";"";
"X4";"TERMINAL-BLOCK-3.5MM-3-PIN-LONG-PAD";"TERMINAL-BLOCK-3.5MM-3-PIN-LONG-PAD";"TERMINAL-BLOCK-3-PIN-3.5MM-LONG-PAD";"Terminal Block 3.5mm";"";"";"";"";"";"";
"X5";"TERMINAL-BLOCK-3.5MM-3-PIN-LONG-PAD";"TERMINAL-BLOCK-3.5MM-3-PIN-LONG-PAD";"TERMINAL-BLOCK-3-PIN-3.5MM-LONG-PAD";"Terminal Block 3.5mm";"";"";"";"";"";"";
"X6";"TERMINAL-BLOCK-3.5MM-3-PIN-LONG-PAD";"TERMINAL-BLOCK-3.5MM-3-PIN-LONG-PAD";"TERMINAL-BLOCK-3-PIN-3.5MM-LONG-PAD";"Terminal Block 3.5mm";"";"";"";"";"";"";
"X7";"TERMINAL-BLOCK-3.5MM-3-PIN-LONG-PAD";"TERMINAL-BLOCK-3.5MM-3-PIN-LONG-PAD";"TERMINAL-BLOCK-3-PIN-3.5MM-LONG-PAD";"Terminal Block 3.5mm";"";"";"";"";"";"";
"X8";"TERMINAL-BLOCK-3.5MM-3-PIN-LONG-PAD";"TERMINAL-BLOCK-3.5MM-3-PIN-LONG-PAD";"TERMINAL-BLOCK-3-PIN-3.5MM-LONG-PAD";"Terminal Block 3.5mm";"";"";"";"";"";"";
"X9";"TERMINAL-BLOCK-3.5MM-3-PIN-LONG-PAD";"TERMINAL-BLOCK-3.5MM-3-PIN-LONG-PAD";"TERMINAL-BLOCK-3-PIN-3.5MM-LONG-PAD";"Terminal Block 3.5mm";"";"";"";"";"";"";
"X10";"TERMINAL-BLOCK-3.5MM-3-PIN-LONG-PAD";"TERMINAL-BLOCK-3.5MM-3-PIN-LONG-PAD";"TERMINAL-BLOCK-3-PIN-3.5MM-LONG-PAD";"Terminal Block 3.5mm";"";"";"";"";"";"";
"X11";"TERMINAL-BLOCK-3.5MM-3-PIN-LONG-PAD";"TERMINAL-BLOCK-3.5MM-3-PIN-LONG-PAD";"TERMINAL-BLOCK-3-PIN-3.5MM-LONG-PAD";"Terminal Block 3.5mm";"";"";"";"";"";"";
"X12";"TERMINAL-BLOCK-3.5MM-3-PIN-LONG-PAD";"TERMINAL-BLOCK-3.5MM-3-PIN-LONG-PAD";"TERMINAL-BLOCK-3-PIN-3.5MM-LONG-PAD";"Terminal Block 3.5mm";"";"";"";"";"";"";
"X13";"TERMINAL-BLOCK-3.5MM-3-PIN-LONG-PAD";"TERMINAL-BLOCK-3.5MM-3-PIN-LONG-PAD";"TERMINAL-BLOCK-3-PIN-3.5MM-LONG-PAD";"Terminal Block 3.5mm";"";"";"";"";"";"";
"X14";"TERMINAL-BLOCK-3.5MM-3-PIN-LONG-PAD";"TERMINAL-BLOCK-3.5MM-3-PIN-LONG-PAD";"TERMINAL-BLOCK-3-PIN-3.5MM-LONG-PAD";"Terminal Block 3.5mm";"";"";"";"";"";"";
"X15";"TERMINAL-BLOCK-3.5MM-3-PIN-LONG-PAD";"TERMINAL-BLOCK-3.5MM-3-PIN-LONG-PAD";"TERMINAL-BLOCK-3-PIN-3.5MM-LONG-PAD";"Terminal Block 3.5mm";"";"";"";"";"";"";
"X16";"TERMINAL-BLOCK-3.5MM-3-PIN-LONG-PAD";"TERMINAL-BLOCK-3.5MM-3-PIN-LONG-PAD";"TERMINAL-BLOCK-3-PIN-3.5MM-LONG-PAD";"Terminal Block 3.5mm";"";"";"";"";"";"";
"X17";"TERMINAL-BLOCK-3.5MM-3-PIN-LONG-PAD";"TERMINAL-BLOCK-3.5MM-3-PIN-LONG-PAD";"TERMINAL-BLOCK-3-PIN-3.5MM-LONG-PAD";"Terminal Block 3.5mm";"";"";"";"";"";"";
"X18";"TERMINAL-BLOCK-3.5MM-3-PIN-LONG-PAD";"TERMINAL-BLOCK-3.5MM-3-PIN-LONG-PAD";"TERMINAL-BLOCK-3-PIN-3.5MM-LONG-PAD";"Terminal Block 3.5mm";"";"";"";"";"";"";
"X19";"TERMINAL-BLOCK-3.5MM-3-PIN-LONG-PAD";"TERMINAL-BLOCK-3.5MM-3-PIN-LONG-PAD";"TERMINAL-BLOCK-3-PIN-3.5MM-LONG-PAD";"Terminal Block 3.5mm";"";"";"";"";"";"";
"X20";"TERMINAL-BLOCK-3.5MM-3-PIN-LONG-PAD";"TERMINAL-BLOCK-3.5MM-3-PIN-LONG-PAD";"TERMINAL-BLOCK-3-PIN-3.5MM-LONG-PAD";"Terminal Block 3.5mm";"";"";"";"";"";"";
"X21";"TERMINAL-BLOCK-3.5MM-3-PIN-LONG-PAD";"TERMINAL-BLOCK-3.5MM-3-PIN-LONG-PAD";"TERMINAL-BLOCK-3-PIN-3.5MM-LONG-PAD";"Terminal Block 3.5mm";"";"";"";"";"";"";
"X22";"TERMINAL-BLOCK-3.5MM-3-PIN-LONG-PAD";"TERMINAL-BLOCK-3.5MM-3-PIN-LONG-PAD";"TERMINAL-BLOCK-3-PIN-3.5MM-LONG-PAD";"Terminal Block 3.5mm";"";"";"";"";"";"";
"X23";"TERMINAL-BLOCK-3.5MM-3-PIN-LONG-PAD";"TERMINAL-BLOCK-3.5MM-3-PIN-LONG-PAD";"TERMINAL-BLOCK-3-PIN-3.5MM-LONG-PAD";"Terminal Block 3.5mm";"";"";"";"";"";"";
"X24";"TERMINAL-BLOCK-3.5MM-3-PIN-LONG-PAD";"TERMINAL-BLOCK-3.5MM-3-PIN-LONG-PAD";"TERMINAL-BLOCK-3-PIN-3.5MM-LONG-PAD";"Terminal Block 3.5mm";"";"";"";"";"";"";
"X25";"TERMINAL-BLOCK-3.5MM-3-PIN-LONG-PAD";"TERMINAL-BLOCK-3.5MM-3-PIN-LONG-PAD";"TERMINAL-BLOCK-3-PIN-3.5MM-LONG-PAD";"Terminal Block 3.5mm";"";"";"";"";"";"";
"X26";"TERMINAL-BLOCK-3.5MM-3-PIN-LONG-PAD";"TERMINAL-BLOCK-3.5MM-3-PIN-LONG-PAD";"TERMINAL-BLOCK-3-PIN-3.5MM-LONG-PAD";"Terminal Block 3.5mm";"";"";"";"";"";"";
"X27";"TERMINAL-BLOCK-3.5MM-3-PIN-LONG-PAD";"TERMINAL-BLOCK-3.5MM-3-PIN-LONG-PAD";"TERMINAL-BLOCK-3-PIN-3.5MM-LONG-PAD";"Terminal Block 3.5mm";"";"";"";"";"";"";
"X28";"TERMINAL-BLOCK-3.5MM-3-PIN-LONG-PAD";"TERMINAL-BLOCK-3.5MM-3-PIN-LONG-PAD";"TERMINAL-BLOCK-3-PIN-3.5MM-LONG-PAD";"Terminal Block 3.5mm";"";"";"";"";"";"";
"X29";"TERMINAL-BLOCK-3.5MM-3-PIN-LONG-PAD";"TERMINAL-BLOCK-3.5MM-3-PIN-LONG-PAD";"TERMINAL-BLOCK-3-PIN-3.5MM-LONG-PAD";"Terminal Block 3.5mm";"";"";"";"";"";"";
